<application>
  <component name="com.intellij.ide.ui.customization.CustomActionsSchema">
    <group seperator="true" action_type="-1" position="6">
      <path value="root" />
      <path value="Touch Bar" />
      <path value="Default" />
      <option name="myInitialPosition" value="-1" />
    </group>
    <group seperator="true" action_type="-1" position="3">
      <path value="root" />
      <path value="Touch Bar" />
      <path value="Debugger" />
      <path value="Debugger with Alt Key" />
      <option name="myInitialPosition" value="-1" />
    </group>
    <group seperator="true" action_type="-1" position="0">
      <path value="root" />
      <path value="Touch Bar" />
      <path value="Default" />
      <path value="Default with Ctrl Key" />
      <option name="myInitialPosition" value="-1" />
    </group>
    <group seperator="true" action_type="-1" position="0">
      <path value="root" />
      <path value="Touch Bar" />
      <path value="Default" />
      <path value="Default with Alt+Cmd Key" />
      <option name="myInitialPosition" value="-1" />
    </group>
  </component>
</application>