<application>
  <component name="GeneralSettings">
    <option name="processCloseConfirmation" value="TERMINATE" />
    <option name="showTipsOnStartup" value="false" />
  </component>
  <component name="Registry">
    <entry key="external.system.auto.import.disabled" value="true" />
    <entry key="ide.instant.shutdown" value="false" />
  </component>
  <component name="StatusBar">
    <option name="widgets">
      <map>
        <entry key="Encoding" value="false" />
        <entry key="LineSeparator" value="false" />
        <entry key="Position" value="false" />
        <entry key="ReadOnlyAttribute" value="false" />
        <entry key="SendFeedbackPanel" value="false" />
        <entry key="com.intellij.psi.codeStyle.statusbar.CodeStyleStatusBarWidget" value="false" />
      </map>
    </option>
  </component>
</application>