<keymap version="1" name="Mac OS X 10.5+ copy" parent="Mac OS X 10.5+">
  <action id="ActivateBuildToolWindow">
    <keyboard-shortcut first-keystroke="meta b" />
  </action>
  <action id="ActivateBuildVariantsToolWindow">
    <keyboard-shortcut first-keystroke="meta 5" />
  </action>
  <action id="ActivateDebugToolWindow">
    <keyboard-shortcut first-keystroke="meta 4" />
  </action>
  <action id="ActivateFavoritesToolWindow" />
  <action id="ActivateLogcatToolWindow">
    <keyboard-shortcut first-keystroke="meta 1" />
  </action>
  <action id="ActivateProjectToolWindow">
    <keyboard-shortcut first-keystroke="meta 3" />
  </action>
  <action id="ActivateRunToolWindow">
    <keyboard-shortcut first-keystroke="meta 2" />
  </action>
  <action id="ActivateTerminalToolWindow">
    <keyboard-shortcut first-keystroke="meta t" />
  </action>
  <action id="ActivateVersionControlToolWindow">
    <keyboard-shortcut first-keystroke="meta back_quote" />
  </action>
  <action id="AddToFavoritesPopup" />
  <action id="Android.SyncProject">
    <keyboard-shortcut first-keystroke="shift meta f11" />
  </action>
  <action id="Arrangement.Rule.Edit" />
  <action id="CleanGradleProject">
    <keyboard-shortcut first-keystroke="shift meta f1" />
  </action>
  <action id="CloseActiveTab" />
  <action id="CloseAllEditors">
    <keyboard-shortcut first-keystroke="ctrl meta w" />
  </action>
  <action id="CollapseRegion">
    <keyboard-shortcut first-keystroke="meta subtract" />
    <keyboard-shortcut first-keystroke="meta minus" />
    <keyboard-shortcut first-keystroke="shift ctrl f12" />
  </action>
  <action id="ContextHelp" />
  <action id="EditorSelectLine">
    <keyboard-shortcut first-keystroke="meta back_slash" />
  </action>
  <action id="EditorSelectWord">
    <keyboard-shortcut first-keystroke="alt up" />
    <keyboard-shortcut first-keystroke="alt w" />
  </action>
  <action id="Exit" />
  <action id="ExpandRegion">
    <keyboard-shortcut first-keystroke="meta add" />
    <keyboard-shortcut first-keystroke="meta equals" />
    <keyboard-shortcut first-keystroke="shift ctrl f11" />
  </action>
  <action id="FileChooser.GotoHome" />
  <action id="FileChooser.GotoModule" />
  <action id="FileChooser.GotoProject" />
  <action id="FindInPath">
    <keyboard-shortcut first-keystroke="shift ctrl f" />
  </action>
  <action id="Forward">
    <keyboard-shortcut first-keystroke="meta alt right" />
  </action>
  <action id="Git.Reword.Commit">
    <keyboard-shortcut first-keystroke="shift f6" />
  </action>
  <action id="GotoDeclaration">
    <mouse-shortcut keystroke="meta button1" />
    <mouse-shortcut keystroke="button2" />
  </action>
  <action id="GotoTest" />
  <action id="Kotlin.NewFile">
    <keyboard-shortcut first-keystroke="alt k" />
  </action>
  <action id="MoveStatementDown" />
  <action id="MoveStatementUp" />
  <action id="NextWindow" />
  <action id="QuickJavaDoc">
    <keyboard-shortcut first-keystroke="f1" />
    <keyboard-shortcut first-keystroke="ctrl j" />
    <mouse-shortcut keystroke="control button2" />
    <keyboard-shortcut first-keystroke="alt q" />
  </action>
  <action id="RebuildGradleProject">
    <keyboard-shortcut first-keystroke="shift meta f2" />
  </action>
  <action id="RecentLocations" />
  <action id="ReformatCode">
    <keyboard-shortcut first-keystroke="shift meta l" />
    <keyboard-shortcut first-keystroke="shift meta f" />
  </action>
  <action id="ReopenClosedTab">
    <keyboard-shortcut first-keystroke="shift meta w" />
  </action>
  <action id="ReplaceInPath" />
  <action id="Run">
    <keyboard-shortcut first-keystroke="shift meta r" />
  </action>
  <action id="SearchEverywhere">
    <keyboard-shortcut first-keystroke="shift alt f" />
  </action>
  <action id="StopBackgroundProcesses" />
  <action id="Vcs.UpdateProject" />
  <action id="android.deploy.ApplyChanges">
    <keyboard-shortcut first-keystroke="ctrl meta r" />
  </action>
  <action id="android.deploy.CodeSwap">
    <keyboard-shortcut first-keystroke="shift ctrl meta r" />
  </action>
  <action id="com.developerphil.adbidea.action.ClearDataAction">
    <keyboard-shortcut first-keystroke="shift meta 1" />
  </action>
  <action id="com.developerphil.adbidea.action.ClearDataAndRestartAction">
    <keyboard-shortcut first-keystroke="shift meta 2" />
  </action>
  <action id="com.developerphil.adbidea.action.UninstallAction">
    <keyboard-shortcut first-keystroke="shift meta back_quote" />
  </action>
</keymap>